[
    {
        "templateId": "setheader",
        "title": "Authorization",
        "parameters": {
            "x-ms-apimTemplateParameter.name": "api-key",
            "x-ms-apimTemplateParameter.value": "<<YOUR_KEY>>",
            "x-ms-apimTemplateParameter.existsAction": "override",
            "x-ms-apimTemplate-policySection": "Request",
            "x-ms-apimTemplate-operationName": [
                "TurboChat",
                "Completion"
            ]
        }
    }
]