<ImportExportXml version="9.2.23082.190" SolutionPackageVersion="9.2" languagecode="1033" generatedBy="CrmLive" xmlns:xsi="http://www.w3.org/2001/XMLSchema-instance">
  <SolutionManifest>
    <UniqueName>ProcessSentinel</UniqueName>
    <LocalizedNames>
      <LocalizedName description="ProcessSentinel" languagecode="1033" />
    </LocalizedNames>
    <Descriptions />
    <Version>1.0.1.7</Version>
    <Managed>0</Managed>
    <Publisher>
      <UniqueName>ProcessSentinel</UniqueName>
      <LocalizedNames>
        <LocalizedName description="Process Sentinel" languagecode="1033" />
      </LocalizedNames>
      <Descriptions>
        <Description description="ProcessSentinel.com" languagecode="1033" />
      </Descriptions>
      <EMailAddress xsi:nil="true"></EMailAddress>
      <SupportingWebsiteUrl xsi:nil="true"></SupportingWebsiteUrl>
      <CustomizationPrefix>ps</CustomizationPrefix>
      <CustomizationOptionValuePrefix>12563</CustomizationOptionValuePrefix>
      <Addresses>
        <Address>
          <AddressNumber>1</AddressNumber>
          <AddressTypeCode>1</AddressTypeCode>
          <City xsi:nil="true"></City>
          <County xsi:nil="true"></County>
          <Country xsi:nil="true"></Country>
          <Fax xsi:nil="true"></Fax>
          <FreightTermsCode xsi:nil="true"></FreightTermsCode>
          <ImportSequenceNumber xsi:nil="true"></ImportSequenceNumber>
          <Latitude xsi:nil="true"></Latitude>
          <Line1 xsi:nil="true"></Line1>
          <Line2 xsi:nil="true"></Line2>
          <Line3 xsi:nil="true"></Line3>
          <Longitude xsi:nil="true"></Longitude>
          <Name xsi:nil="true"></Name>
          <PostalCode xsi:nil="true"></PostalCode>
          <PostOfficeBox xsi:nil="true"></PostOfficeBox>
          <PrimaryContactName xsi:nil="true"></PrimaryContactName>
          <ShippingMethodCode>1</ShippingMethodCode>
          <StateOrProvince xsi:nil="true"></StateOrProvince>
          <Telephone1 xsi:nil="true"></Telephone1>
          <Telephone2 xsi:nil="true"></Telephone2>
          <Telephone3 xsi:nil="true"></Telephone3>
          <TimeZoneRuleVersionNumber xsi:nil="true"></TimeZoneRuleVersionNumber>
          <UPSZone xsi:nil="true"></UPSZone>
          <UTCOffset xsi:nil="true"></UTCOffset>
          <UTCConversionTimeZoneCode xsi:nil="true"></UTCConversionTimeZoneCode>
        </Address>
        <Address>
          <AddressNumber>2</AddressNumber>
          <AddressTypeCode>1</AddressTypeCode>
          <City xsi:nil="true"></City>
          <County xsi:nil="true"></County>
          <Country xsi:nil="true"></Country>
          <Fax xsi:nil="true"></Fax>
          <FreightTermsCode xsi:nil="true"></FreightTermsCode>
          <ImportSequenceNumber xsi:nil="true"></ImportSequenceNumber>
          <Latitude xsi:nil="true"></Latitude>
          <Line1 xsi:nil="true"></Line1>
          <Line2 xsi:nil="true"></Line2>
          <Line3 xsi:nil="true"></Line3>
          <Longitude xsi:nil="true"></Longitude>
          <Name xsi:nil="true"></Name>
          <PostalCode xsi:nil="true"></PostalCode>
          <PostOfficeBox xsi:nil="true"></PostOfficeBox>
          <PrimaryContactName xsi:nil="true"></PrimaryContactName>
          <ShippingMethodCode>1</ShippingMethodCode>
          <StateOrProvince xsi:nil="true"></StateOrProvince>
          <Telephone1 xsi:nil="true"></Telephone1>
          <Telephone2 xsi:nil="true"></Telephone2>
          <Telephone3 xsi:nil="true"></Telephone3>
          <TimeZoneRuleVersionNumber xsi:nil="true"></TimeZoneRuleVersionNumber>
          <UPSZone xsi:nil="true"></UPSZone>
          <UTCOffset xsi:nil="true"></UTCOffset>
          <UTCConversionTimeZoneCode xsi:nil="true"></UTCConversionTimeZoneCode>
        </Address>
      </Addresses>
    </Publisher>
    <RootComponents>
      <RootComponent type="1" schemaName="ps_ps_abandonedconversations" behavior="0" />
      <RootComponent type="1" schemaName="ps_ps_conversations" behavior="0" />
      <RootComponent type="1" schemaName="ps_ps_logs" behavior="0" />
      <RootComponent type="1" schemaName="ps_ps_promptprofiles" behavior="0" />
      <RootComponent type="9" schemaName="ps_isdefaultchoice" behavior="0" />
      <RootComponent type="9" schemaName="ps_ps_languagestyle" behavior="0" />
      <RootComponent type="9" schemaName="ps_ps_responselength" behavior="0" />
      <RootComponent type="9" schemaName="ps_ps_tone" behavior="0" />
      <RootComponent type="9" schemaName="ps_ps_userrole" behavior="0" />
      <RootComponent type="20" id="{fde3e6cc-2547-ee11-be6d-0022482a96fe}" behavior="0" />
      <RootComponent type="300" schemaName="ps_processsentinel_cace9" behavior="0" />
      <RootComponent type="372" id="{b4e4faff-88bb-409a-841b-c294879ae37a}" schemaName="new_5Fcustom-5Fopenai" behavior="0" />
      <RootComponent type="372" id="{ffa207e6-b671-4b1f-ae10-096bd043662e}" schemaName="ps_5Fazureopenai" behavior="0" />
    </RootComponents>
    <MissingDependencies />
  </SolutionManifest>
</ImportExportXml>